{
	"info": {
		"_postman_id": "11d158e0-d224-41c0-80ca-5ddaf05dee58",
		"name": "capstone",
		"schema": "https://schema.getpostman.com/json/collection/v2.0.0/collection.json",
		"_exporter_id": "2204094"
	},
	"item": [
		{
			"name": "New Request",
			"event": [
				{
					"listen": "test",
					"script": {
						"exec": [
							"\r",
							"// Positive test cases\r",
							"pm.test(\"Check if id is an integer\", function () {\r",
							"    pm.expect(pm.response.json().id).to.be.an('number');\r",
							"});\r",
							"\r",
							"pm.test(\"Check if token is a string\", function () {\r",
							"    pm.expect(pm.response.json().token).to.be.an('string');\r",
							"});\r",
							"\r",
							"// Negative test cases\r",
							"pm.test(\"Check if id is not null\", function () {\r",
							"    pm.expect(pm.response.json().id).to.not.be.null;\r",
							"});\r",
							"pm.test(\"Check if token is not null\", function () {\r",
							"    pm.expect(pm.response.json().token).to.not.be.null;\r",
							"});\r",
							""
						],
						"type": "text/javascript"
					}
				}
			],
			"request": {
				"method": "POST",
				"header": [],
				"body": {
					"mode": "raw",
					"raw": "{\r\n \"email\": \"{{email}}\",\r\n  \"password\": \"{{password}}\"\r\n}\r\n\r\n"
				},
				"url": "https://reqres.in/api/register"
			},
			"response": []
		}
	],
	"event": [
		{
			"listen": "prerequest",
			"script": {
				"type": "text/javascript",
				"exec": [
					"var XLSX = require('xlsx');",
					"var workbook = XLSX.readFile('C:\\Users\\sikka\\OneDrive\\Documents\\worksheet.xlsx');",
					"var worksheet = workbook.Sheets[workbook.SheetNames[0]];",
					"",
					"postman.setEnvironmentVariable(\"email\", worksheet.A2.v);",
					"postman.setEnvironmentVariable(\"password\", worksheet.B2.v);",
					""
				]
			}
		},
		{
			"listen": "test",
			"script": {
				"type": "text/javascript",
				"exec": [
					""
				]
			}
		}
	]
}